timestamp,total_queue,high_in_high_queue,low_in_high_queue,high_in_low_queue,low_in_low_queue,dropped_high_in_low,dropped_low
2025-08-28 13:54:25,0,0,0,0,0,0,0
2025-08-28 13:54:26,0,0,0,0,0,0,0
2025-08-28 13:54:27,0,0,0,0,0,0,0
2025-08-28 13:54:28,0,0,0,0,0,0,0
2025-08-28 13:54:29,19,9,0,0,10,0,0
2025-08-28 13:54:30,19,9,0,0,10,0,0
2025-08-28 13:54:31,19,9,0,0,10,0,0
2025-08-28 13:54:32,19,9,0,0,10,0,0
2025-08-28 13:54:33,19,9,0,0,10,0,0
2025-08-28 13:54:34,19,9,0,0,10,0,0
2025-08-28 13:54:35,19,9,0,0,10,0,0
2025-08-28 13:54:36,19,9,0,0,10,0,0
2025-08-28 13:54:37,19,9,0,0,10,0,0
2025-08-28 13:54:38,19,9,0,0,10,0,0
2025-08-28 13:54:39,38,18,0,0,20,0,0
2025-08-28 13:54:40,38,18,0,0,20,0,0
2025-08-28 13:54:41,38,18,0,0,20,0,0
2025-08-28 13:54:42,38,18,0,0,20,0,0
2025-08-28 13:54:43,38,18,0,0,20,0,0
2025-08-28 13:54:44,38,18,0,0,20,0,0
2025-08-28 13:54:45,38,18,0,0,20,0,0
2025-08-28 13:54:46,38,18,0,0,20,0,0
2025-08-28 13:54:47,38,18,0,0,20,0,0
2025-08-28 13:54:48,38,18,0,0,20,0,0
2025-08-28 13:54:49,57,27,0,0,30,0,0
2025-08-28 13:54:50,57,27,0,0,30,0,0
2025-08-28 13:54:51,57,27,0,0,30,0,0
2025-08-28 13:54:52,57,27,0,0,30,0,0
2025-08-28 13:54:53,57,27,0,0,30,0,0
2025-08-28 13:54:54,57,27,0,0,30,0,0
2025-08-28 13:54:55,57,27,0,0,30,0,0
2025-08-28 13:54:56,57,27,0,0,30,0,0
2025-08-28 13:54:57,57,27,0,0,30,0,0
2025-08-28 13:54:58,57,27,0,0,30,0,0
2025-08-28 13:54:59,76,36,0,0,40,0,0
2025-08-28 13:55:00,76,36,0,0,40,0,0
2025-08-28 13:55:01,76,36,0,0,40,0,0
2025-08-28 13:55:02,76,36,0,0,40,0,0
2025-08-28 13:55:03,76,36,0,0,40,0,0
2025-08-28 13:55:04,76,36,0,0,40,0,0
2025-08-28 13:55:05,76,36,0,0,40,0,0
2025-08-28 13:55:06,76,36,0,0,40,0,0
2025-08-28 13:55:07,76,36,0,0,40,0,0
2025-08-28 13:55:08,76,36,0,0,40,0,0
2025-08-28 13:55:09,95,45,0,0,50,0,0
2025-08-28 13:55:10,95,45,0,0,50,0,0
2025-08-28 13:55:11,95,45,0,0,50,0,0
2025-08-28 13:55:12,95,45,0,0,50,0,0
2025-08-28 13:55:13,95,45,0,0,50,0,0
2025-08-28 13:55:14,95,45,0,0,50,0,0
2025-08-28 13:55:15,95,45,0,0,50,0,0
2025-08-28 13:55:16,95,45,0,0,50,0,0
2025-08-28 13:55:17,95,45,0,0,50,0,0
2025-08-28 13:55:18,95,45,0,0,50,0,0
2025-08-28 13:55:19,100,50,0,4,46,0,14
2025-08-28 13:55:20,100,50,0,4,46,0,14
2025-08-28 13:55:21,100,50,0,4,46,0,14
2025-08-28 13:55:22,100,50,0,4,46,0,14
2025-08-28 13:55:23,100,50,0,4,46,0,14
2025-08-28 13:55:24,100,50,0,4,46,0,14
2025-08-28 13:55:25,100,50,0,4,46,0,14
2025-08-28 13:55:26,100,50,0,4,46,0,14
2025-08-28 13:55:27,100,50,0,4,46,0,14
2025-08-28 13:55:28,100,50,0,4,46,0,14
2025-08-28 13:55:29,100,50,0,13,37,0,33
2025-08-28 13:55:30,100,50,0,13,37,0,33
2025-08-28 13:55:31,100,50,0,13,37,0,33
2025-08-28 13:55:32,100,50,0,13,37,0,33
2025-08-28 13:55:33,100,50,0,13,37,0,33
2025-08-28 13:55:34,100,50,0,13,37,0,33
2025-08-28 13:55:35,100,50,0,13,37,0,33
2025-08-28 13:55:36,100,50,0,13,37,0,33
2025-08-28 13:55:37,100,50,0,13,37,0,33
2025-08-28 13:55:38,100,50,0,13,37,0,33
2025-08-28 13:55:39,100,50,0,22,28,0,52
2025-08-28 13:55:40,100,50,0,22,28,0,52
2025-08-28 13:55:41,100,50,0,22,28,0,52
2025-08-28 13:55:42,100,50,0,22,28,0,52
2025-08-28 13:55:43,100,50,0,22,28,0,52
2025-08-28 13:55:44,100,50,0,22,28,0,52
2025-08-28 13:55:45,100,50,0,22,28,0,52
2025-08-28 13:55:46,100,50,0,22,28,0,52
2025-08-28 13:55:47,100,50,0,22,28,0,52
2025-08-28 13:55:48,100,50,0,22,28,0,52
2025-08-28 13:55:49,100,50,0,31,19,0,71
2025-08-28 13:55:50,100,50,0,31,19,0,71
2025-08-28 13:55:51,100,50,0,31,19,0,71
2025-08-28 13:55:52,100,50,0,31,19,0,71
2025-08-28 13:55:53,100,50,0,31,19,0,71
2025-08-28 13:55:54,100,50,0,31,19,0,71
2025-08-28 13:55:55,100,50,0,31,19,0,71
2025-08-28 13:55:56,100,50,0,31,19,0,71
2025-08-28 13:55:57,100,50,0,31,19,0,71
2025-08-28 13:55:58,100,50,0,31,19,0,71
2025-08-28 13:55:59,100,50,0,40,10,0,90
2025-08-28 13:56:00,100,50,0,40,10,0,90
2025-08-28 13:56:01,100,50,0,40,10,0,90
2025-08-28 13:56:02,100,50,0,40,10,0,90
2025-08-28 13:56:03,100,50,0,40,10,0,90
2025-08-28 13:56:04,100,50,0,40,10,0,90
2025-08-28 13:56:05,100,50,0,40,10,0,90
2025-08-28 13:56:06,100,50,0,40,10,0,90
2025-08-28 13:56:07,100,50,0,40,10,0,90
2025-08-28 13:56:08,100,50,0,40,10,0,90
2025-08-28 13:56:09,100,50,0,49,1,0,109
2025-08-28 13:56:10,100,50,0,49,1,0,109
2025-08-28 13:56:11,100,50,0,49,1,0,109
2025-08-28 13:56:12,100,50,0,49,1,0,109
2025-08-28 13:56:13,100,50,0,49,1,0,109
2025-08-28 13:56:14,100,50,0,49,1,0,109
2025-08-28 13:56:15,100,50,0,49,1,0,109
2025-08-28 13:56:16,100,50,0,49,1,0,109
2025-08-28 13:56:17,100,50,0,49,1,0,109
2025-08-28 13:56:18,100,50,0,49,1,0,109
2025-08-28 13:56:19,100,50,0,50,0,0,128
2025-08-28 13:56:20,100,50,0,50,0,0,128
2025-08-28 13:56:21,100,50,0,50,0,0,128
2025-08-28 13:56:22,100,50,0,50,0,0,128
2025-08-28 13:56:23,100,50,0,50,0,0,128
2025-08-28 13:56:24,100,50,0,50,0,0,128
2025-08-28 13:56:25,100,50,0,50,0,0,128
2025-08-28 13:56:26,100,50,0,50,0,0,128
2025-08-28 13:56:27,100,50,0,50,0,0,128
2025-08-28 13:56:28,100,50,0,50,0,0,128
2025-08-28 13:56:29,100,50,0,50,0,0,147
2025-08-28 13:56:30,100,50,0,50,0,0,147
2025-08-28 13:56:31,100,50,0,50,0,0,147
2025-08-28 13:56:32,100,50,0,50,0,0,147
2025-08-28 13:56:33,100,50,0,50,0,0,147
2025-08-28 13:56:34,100,50,0,50,0,0,147
2025-08-28 13:56:35,100,50,0,50,0,0,147
2025-08-28 13:56:36,100,50,0,50,0,0,147
2025-08-28 13:56:37,100,50,0,50,0,0,147
2025-08-28 13:56:38,100,50,0,50,0,0,147
2025-08-28 13:56:39,99,49,0,50,0,0,147
2025-08-28 13:56:40,99,49,0,50,0,0,147
2025-08-28 13:56:41,99,49,0,50,0,0,147
2025-08-28 13:56:42,99,49,0,50,0,0,147
2025-08-28 13:56:43,99,49,0,50,0,0,147
2025-08-28 13:56:44,99,49,0,50,0,0,147
2025-08-28 13:56:45,99,49,0,50,0,0,147
2025-08-28 13:56:46,99,49,0,50,0,0,147
2025-08-28 13:56:47,99,49,0,50,0,0,147
2025-08-28 13:56:48,99,49,0,50,0,0,147
2025-08-28 13:56:49,98,48,0,50,0,0,147
2025-08-28 13:56:50,98,48,0,50,0,0,147
2025-08-28 13:56:51,98,48,0,50,0,0,147
2025-08-28 13:56:52,98,48,0,50,0,0,147
2025-08-28 13:56:53,98,48,0,50,0,0,147
2025-08-28 13:56:54,98,48,0,50,0,0,147
2025-08-28 13:56:55,98,48,0,50,0,0,147
2025-08-28 13:56:56,98,48,0,50,0,0,147
2025-08-28 13:56:57,98,48,0,50,0,0,147
2025-08-28 13:56:58,98,48,0,50,0,0,147
2025-08-28 13:56:59,97,47,0,50,0,0,147
2025-08-28 13:57:00,97,47,0,50,0,0,147
2025-08-28 13:57:01,97,47,0,50,0,0,147
2025-08-28 13:57:02,97,47,0,50,0,0,147
2025-08-28 13:57:03,97,47,0,50,0,0,147
2025-08-28 13:57:04,97,47,0,50,0,0,147
2025-08-28 13:57:05,97,47,0,50,0,0,147
2025-08-28 13:57:06,97,47,0,50,0,0,147
2025-08-28 13:57:07,97,47,0,50,0,0,147
2025-08-28 13:57:08,97,47,0,50,0,0,147
2025-08-28 13:57:09,96,46,0,50,0,0,147
2025-08-28 13:57:10,96,46,0,50,0,0,147
2025-08-28 13:57:11,96,46,0,50,0,0,147
2025-08-28 13:57:12,96,46,0,50,0,0,147
2025-08-28 13:57:13,96,46,0,50,0,0,147
2025-08-28 13:57:14,96,46,0,50,0,0,147
2025-08-28 13:57:15,96,46,0,50,0,0,147
2025-08-28 13:57:16,96,46,0,50,0,0,147
2025-08-28 13:57:17,96,46,0,50,0,0,147
2025-08-28 13:57:18,96,46,0,50,0,0,147
2025-08-28 13:57:19,95,45,0,50,0,0,147
2025-08-28 13:57:20,95,45,0,50,0,0,147
2025-08-28 13:57:21,95,45,0,50,0,0,147
2025-08-28 13:57:22,95,45,0,50,0,0,147
2025-08-28 13:57:23,95,45,0,50,0,0,147
2025-08-28 13:57:24,95,45,0,50,0,0,147
2025-08-28 13:57:25,95,45,0,50,0,0,147
2025-08-28 13:57:26,95,45,0,50,0,0,147
2025-08-28 13:57:27,95,45,0,50,0,0,147
2025-08-28 13:57:28,95,45,0,50,0,0,147
2025-08-28 13:57:29,94,44,0,50,0,0,147
2025-08-28 13:57:30,94,44,0,50,0,0,147
2025-08-28 13:57:31,94,44,0,50,0,0,147
2025-08-28 13:57:32,94,44,0,50,0,0,147
2025-08-28 13:57:33,94,44,0,50,0,0,147
2025-08-28 13:57:34,94,44,0,50,0,0,147
2025-08-28 13:57:35,94,44,0,50,0,0,147
2025-08-28 13:57:36,94,44,0,50,0,0,147
2025-08-28 13:57:37,94,44,0,50,0,0,147
2025-08-28 13:57:38,94,44,0,50,0,0,147
2025-08-28 13:57:39,93,43,0,50,0,0,147
2025-08-28 13:57:40,93,43,0,50,0,0,147
2025-08-28 13:57:41,93,43,0,50,0,0,147
2025-08-28 13:57:42,93,43,0,50,0,0,147
2025-08-28 13:57:43,93,43,0,50,0,0,147
2025-08-28 13:57:44,93,43,0,50,0,0,147
2025-08-28 13:57:45,93,43,0,50,0,0,147
2025-08-28 13:57:46,93,43,0,50,0,0,147
